{
  "networkx": {
    "nodes_count": 1081,
    "edges_count": 3250,
    "density": 0.0027837735978346522,
    "is_directed": true,
    "top_degree_centrality": [
      [
        "科学",
        0.1638888888888889
      ],
      [
        "计算机",
        0.14537037037037037
      ],
      [
        "计算机科学",
        0.11481481481481481
      ],
      [
        "信息",
        0.1
      ],
      [
        "研究",
        0.08055555555555556
      ],
      [
        "问题",
        0.0787037037037037
      ],
      [
        "理论",
        0.07777777777777778
      ],
      [
        "领域",
        0.07407407407407407
      ],
      [
        "数据",
        0.07407407407407407
      ],
      [
        "方法",
        0.06666666666666667
      ]
    ]
  },
  "rdf": {
    "triples_count": 6008,
    "subjects_count": 1095,
    "predicates_count": 21,
    "objects_count": 1480
  }
}