{
  "networkx": {
    "nodes_count": 203,
    "edges_count": 407,
    "density": 0.009925376774130615,
    "is_directed": true,
    "top_degree_centrality": [
      [
        "知识图谱",
        0.35148514851485146
      ],
      [
        "图谱",
        0.21287128712871287
      ],
      [
        "语义",
        0.09405940594059406
      ],
      [
        "关系",
        0.09405940594059406
      ],
      [
        "语义搜索",
        0.0891089108910891
      ],
      [
        "领域",
        0.0891089108910891
      ],
      [
        "概念",
        0.06930693069306931
      ],
      [
        "数据",
        0.06930693069306931
      ],
      [
        "实体",
        0.06930693069306931
      ],
      [
        "网络",
        0.06930693069306931
      ]
    ]
  },
  "rdf": {
    "triples_count": 916,
    "subjects_count": 193,
    "predicates_count": 33,
    "objects_count": 262
  }
}